DROP SEQUENCE BOARD_SEQ;
DROP SEQUENCE ORDER_SEQ;
DROP SEQUENCE ITEM_SEQ;
DROP SEQUENCE TAKEIT_SEQ;
DROP SEQUENCE REVIEW_SEQ;

DROP TABLE TAKEIT_DETAIL CASCADE CONSTRAINTS PURGE;
DROP TABLE TAKEIT CASCADE CONSTRAINTS PURGE;

DROP TABLE ORDER_DETAIL CASCADE CONSTRAINTS PURGE;
DROP TABLE ORDERS CASCADE CONSTRAINTS PURGE;
DROP TABLE SHIPPING CASCADE CONSTRAINTS PURGE;

DROP TABLE ITEM CASCADE CONSTRAINTS PURGE;
DROP TABLE ITEM_CATEGORY CASCADE CONSTRAINTS PURGE;
DROP TABLE PACKING CASCADE CONSTRAINTS PURGE;

DROP TABLE BOARD  CASCADE CONSTRAINTS PURGE;
DROP TABLE BOARD_CATEGORY  CASCADE CONSTRAINTS PURGE;

DROP TABLE REVIEW CASCADE CONSTRAINTS PURGE;

DROP TABLE SELLER_MEMBER  CASCADE CONSTRAINTS PURGE;
DROP TABLE GENERAL_MEMBER CASCADE CONSTRAINTS PURGE;
DROP TABLE MEMBER_LOC CASCADE CONSTRAINTS PURGE;
DROP TABLE SHOP_CATEGORY CASCADE CONSTRAINTS PURGE;
DROP TABLE SHOP_LOC CASCADE CONSTRAINTS PURGE;
DROP TABLE CART CASCADE CONSTRAINTS PURGE;
----------------------------------------------------------------
--게시판 시퀀스
CREATE SEQUENCE BOARD_SEQ
START WITH 1
INCREMENT BY 1;

-- 상품 시퀀스
CREATE SEQUENCE ITEM_SEQ
START WITH 1
INCREMENT BY 1;

--주문시퀀스
CREATE SEQUENCE ORDER_SEQ
START WITH 1
INCREMENT BY 1;

--잇거래 시퀀스
CREATE SEQUENCE TAKEIT_SEQ
START WITH 1
INCREMENT BY 1;

--후기 시퀀스
CREATE SEQUENCE REVIEW_SEQ
START WITH 1
INCREMENT BY 1;
----------------------------------------------------------------
-- 상점구역
CREATE TABLE SHOP_LOC (
	SHOP_LOC_CODE VARCHAR2(10) NOT NULL -- 상점구역코드,
  ,	SHOP_LOC_NAME VARCHAR2(50) NOT NULL -- 상점구역이름
  
  ,CONSTRAINT PK_SHOP_LOC PRIMARY KEY(SHOP_LOC_CODE)
);
-- 상점카테고리
CREATE TABLE SHOP_CATEGORY (
	SHOP_CATEGORY_NO VARCHAR2(10) NOT NULL -- 카테고리번호,
  ,	SHOP_CATEGORY VARCHAR2(20) NOT NULL -- 카테고리이름
  
  , CONSTRAINT PK_SHOP_CATEGORY PRIMARY KEY(SHOP_CATEGORY_NO)
);
-- 회원구역
CREATE TABLE MEMBER_LOC (
	MEMBER_LOC_NO VARCHAR2(10) NOT NULL -- 회원구역번호,
  ,	SHOP_LOC_CODE VARCHAR2(10) NOT NULL -- 상점구역코드,
  ,	MEMBER_LOC_NAME VARCHAR2(50) NOT NULL -- 회원구역이름
  
  , CONSTRAINT PK_MEMBER_LOC PRIMARY KEY(MEMBER_LOC_NO, SHOP_LOC_CODE)
  , CONSTRAINT FK_SHOP_LOC_TO_MEMB_LOC FOREIGN KEY (SHOP_LOC_CODE) REFERENCES SHOP_LOC(SHOP_LOC_CODE) ON DELETE CASCADE
);
-- 판매자
CREATE TABLE SELLER (
	SELLER_ID varchar2(50) NOT NULL -- 판매자회원아이디,
  ,	SELLER_PW VARCHAR2(50) NOT NULL -- 비밀번호,
  ,	NAME VARCHAR(30) NOT NULL -- 이름,
  ,	MOBILE CHAR(13) NOT NULL -- 휴대폰,
  ,	EMAIL VARCHAR(100) NOT NULL -- 이메일,
  ,	ENTRY_DATE TIMESTAMP DEFAULT SYSDATE NOT NULL -- 가입일자,
  ,	POSTNO CHAR(5) NOT NULL -- 우편번호,
  ,	ADDRESS VARCHAR(255) NOT NULL -- 도로명주소,
  ,	ADDRESS_DETAIL VARCHAR(255) NOT NULL -- 상세주소,
  ,	GRADE CHAR(1) DEFAULT 'S' NULL -- 등급,
  ,	SELLER_NO CHAR(12) UNIQUE NOT NULL -- 사업자등록번호,
  ,	SHOP_MOBILE VARCHAR2(13) NOT NULL -- 상점연락처,
  ,	SHOP_NAME VARCHAR2(50) NOT NULL -- 상점명,
  ,	CUST_SCORE NUMBER(3,1) DEFAULT 0.0 NOT NULL -- 고객평점,
  ,	SHOP_KAKAO_ID VARCHAR2(50) NULL -- 카카오톡아이디,
  ,	SHOP_IMG VARCHAR2(200) NULL -- 상점이미지,
  ,	SHOP_CATEGORY_NO VARCHAR2(10) NOT NULL -- 카테고리번호,
  ,	SHOP_LOC_CODE VARCHAR2(10) NOT NULL -- 상점구역코드
  
  , CONSTRAINT PK_SELLER_MEMBER PRIMARY KEY(SELLER_ID)
  , CONSTRAINT FK_SHOP_CATE_TO_SEL_MEMB FOREIGN KEY(SHOP_CATEGORY_NO) REFERENCES SHOP_CATEGORY(SHOP_CATEGORY_NO) ON DELETE CASCADE
  , CONSTRAINT FK_SHOPLOC_TO_SELMEMB FOREIGN KEY(SHOP_LOC_CODE) REFERENCES SHOP_LOC(SHOP_LOC_CODE) ON DELETE CASCADE
);

-- 일반
CREATE TABLE GENERAL (
	MEMBER_ID varchar2(50) NOT NULL -- 일반회원아이디,
  ,	MEMBER_PW VARCHAR2(50) NOT NULL -- 비밀번호,
  ,	NAME VARCHAR(30) NOT NULL -- 이름,
  ,	MOBILE CHAR(13) NOT NULL -- 휴대폰,
  ,	EMAIL VARCHAR(100) NOT NULL -- 이메일,
  ,	ENTRY_DATE TIMESTAMP DEFAULT SYSDATE NOT NULL -- 가입일자,
  ,	POSTNO CHAR(5) NULL -- 우편번호,
  ,	ADDRESS VARCHAR(255) NOT NULL -- 도로명주소,
  ,	ADDRESS_DETAIL VARCHAR(255) NOT NULL -- 상세주소,
  ,	GRADE CHAR(1) DEFAULT 'G' NULL -- 등급,
  ,	POINT NUMBER(7,0) DEFAULT 1000 NULL -- 적립금,
  ,	BIRTH CHAR(10) NULL -- 생일,
  ,	MEMBER_LOC_NO VARCHAR2(10) NULL -- 회원구역번호,
  ,	SHOP_LOC_CODE VARCHAR2(10) NULL -- 상점구역코드
  
  , CONSTRAINT PK_GENERAL_MEMBER PRIMARY KEY(MEMBER_ID)
  , CONSTRAINT FK_MEMB_LOC_TO_GEN_MEMB FOREIGN KEY(MEMBER_LOC_NO,SHOP_LOC_CODE) REFERENCES MEMBER_LOC(MEMBER_LOC_NO, SHOP_LOC_CODE) ON DELETE CASCADE
);
-------------------------------------------------------------------------------
-- 포장
CREATE TABLE PACKING (
	PACK_TYPE_NO VARCHAR2(5) NOT NULL -- 포장타입번호,
  ,	PACK_TYPE_NAME VARCHAR2(20) NOT NULL -- 포장타입이름
  
  , CONSTRAINT PK_PACKING PRIMARY KEY(PACK_TYPE_NO)
);
-- 상품카테고리
CREATE TABLE ITEM_CATEGORY (
	ITEM_CATEGORY_NO VARCHAR2(10) NOT NULL -- 카테고리번호,
  ,	ITEM_CATEGORY_NAME VARCHAR(20) NOT NULL -- 카테고리이름,
  ,	EXPIRATION_DATE VARCHAR2(10) DEFAULT SYSDATE+7 NULL -- 유통기한,
  ,	NOTICE VARCHAR2(500) NOT NULL -- 안내사항,
  ,	FRESH_PERCENT NUMBER(4,1) NULL -- 신선도,
  ,	PACK_TYPE_NO VARCHAR2(5) NOT NULL -- 포장타입번호
  
  , CONSTRAINT PK_ITEM_CATEGORY PRIMARY KEY(ITEM_CATEGORY_NO)
  , CONSTRAINT FK_PACK_TO_ITEM_CATE FOREIGN KEY(PACK_TYPE_NO) REFERENCES PACKING(PACK_TYPE_NO) ON DELETE CASCADE
);
-- 상품
CREATE TABLE ITEM (
	ITEM_NO VARCHAR2(20) NOT NULL -- 상품번호,
  ,	SELLER_ID varchar2(50) NOT NULL -- 판매자회원아이디,
  ,	ITEM_NAME VARCHAR2(50) NOT NULL -- 상품명,
  ,	ITEM_PRICE NUMBER(8) NOT NULL -- 판매가,
  ,	SALES_UNIT VARCHAR2(20) NULL -- 판매단위,
  ,	ITEM_ORIGIN VARCHAR2(20) NOT NULL -- 원산지,
  ,	ITEM_STOCK NUMBER(3,0) NOT NULL -- 재고량,
  ,	ITEM_IMG VARCHAR2(200) NOT NULL -- 상품이미지,
  ,	ITEM_CUST_SCORE NUMBER(3,1) NOT NULL -- 고객평점,
  ,	ITEM_INPUT_DATE TIMESTAMP DEFAULT SYSDATE NOT NULL -- 등록일자,
  ,	DISC_RATE NUMBER(3,0) NULL -- 할인율,
  ,	ITEM_TAKEIT CHAR(1) DEFAULT 'F' NOT NULL -- 잇거래여부,
  ,	ITEM_CATEGORY_NO VARCHAR2(10) NOT NULL -- 카테고리번호
  
  , CONSTRAINT PK_ITEM PRIMARY KEY(ITEM_NO)
  , CONSTRAINT FK_ITEM_CATE_TO_ITEM FOREIGN KEY(ITEM_CATEGORY_NO) REFERENCES ITEM_CATEGORY(ITEM_CATEGORY_NO) ON DELETE CASCADE
  , CONSTRAINT FK_SEL_MEMB_TO_ITEM FOREIGN KEY(SELLER_ID) REFERENCES SELLER_MEMBER(SELLER_ID) ON DELETE CASCADE
);
-------------------------------------------------------------------------------
-- 배송상태
CREATE TABLE SHIPPING (
	SHIP_STATUS_CODE VARCHAR2(10) NOT NULL -- 배송상태코드,
  ,	SHIP_STATUS VARCHAR2(20) NOT NULL -- 배송상태이름
  
  , CONSTRAINT PK_SHIPPING PRIMARY KEY(SHIP_STATUS_CODE)
);
-- 주문
CREATE TABLE ORDERS (
	ORDER_NO VARCHAR2(20) NOT NULL -- 주문번호,
  ,	RECEIVE_METHOD VARCHAR2(20) NOT NULL -- 수령방법,
  ,	RECIPIENT_NAME VARCHAR2(50) NOT NULL -- 수령인,
  ,	RECIPIENT_POSTNO CHAR(5) NULL -- 수령인우편번호,
  ,	RECIPIENT_ADDR VARCHAR2(500) NULL -- 수령인 상세주소,
  ,	RECIPIENT_MOBILE CHAR(13) NOT NULL -- 수령인 연락처,
  ,	SHIP_REQUEST VARCHAR2(100) NULL -- 배송요청사항,
  ,	SHIP_STATUS_CODE VARCHAR2(10) NULL -- 배송상태코드,
  ,	MEMBER_ID varchar2(50) NULL -- 일반회원아이디
  
  , CONSTRAINT PK_ORDERS PRIMARY KEY(ORDER_NO)
  , CONSTRAINT FK_SHIP_TO_ORDERS FOREIGN KEY(SHIP_STATUS_CODE) REFERENCES SHIPPING(SHIP_STATUS_CODE) ON DELETE CASCADE
  , CONSTRAINT FK_GEN_MEMB_TO_ORDERS FOREIGN KEY(MEMBER_ID) REFERENCES GENERAL_MEMBER(MEMBER_ID) ON DELETE CASCADE
);
-- 주문상품상세
CREATE TABLE ORDER_DETAIL (
	ITEM_NO VARCHAR2(20) NOT NULL -- 상품번호,
  ,	ORDER_NO VARCHAR2(20) NOT NULL -- 주문번호,
  ,	ITEM_QTY NUMBER(3) NOT NULL -- 상품주문수량
  
  , CONSTRAINT PK_ORDER_DETAIL PRIMARY KEY(ITEM_NO, ORDER_NO)
  , CONSTRAINT FK_ITEM_TO_ORDER_DETAIL FOREIGN KEY(ITEM_NO) REFERENCES ITEM(ITEM_NO) ON DELETE CASCADE
  , CONSTRAINT FK_ORDERS_TO_ORDER_DETAIL FOREIGN KEY(ORDER_NO) REFERENCES ORDERS(ORDER_NO) ON DELETE CASCADE
);
-------------------------------------------------------------------------------
-- 잇거래
CREATE TABLE TAKEIT (
	TAKEIT_NO VARCHAR2(20) NOT NULL -- 잇거래번호,
  ,	TAKEIT_PRICE NUMBER(10,0) NOT NULL -- 모집금액,
  , TAKEIT_CURR_PRICE NUMBER(10,0) NOT NULL -- 현재 모집된 금액
  ,	TAKEIT_DATE TIMESTAMP DEFAULT SYSDATE NOT NULL -- 모집시작일자,
  ,	TAKEIT_CUST_SCORE NUMBER(3,1) DEFAULT 5.0 NOT NULL -- 고객평점,
  ,	TAKEIT_ALIVE CHAR(1) NOT NULL -- 잇거래진행여부,
  ,	MEMBER_LOC_NO VARCHAR2(10) NOT NULL -- 회원구역번호,
  ,	SHOP_LOC_CODE VARCHAR2(10) NOT NULL -- 상점구역코드
 
 
  , CONSTRAINT PK_TAKEIT PRIMARY KEY(TAKEIT_NO)
  , CONSTRAINT FK_MEMB_LOC_TO_TAKEIT FOREIGN KEY(MEMBER_LOC_NO, SHOP_LOC_CODE) REFERENCES MEMBER_LOC(MEMBER_LOC_NO, SHOP_LOC_CODE) ON DELETE CASCADE
);

-- 잇거래주문목록
CREATE TABLE TAKEIT_DETAIL (
	TAKEIT_NO VARCHAR2(20) NOT NULL -- 잇거래번호,
  ,	ITEM_NO VARCHAR2(20) NOT NULL -- 상품번호,
  ,	ORDER_NO VARCHAR2(20) NOT NULL -- 주문번호,
  
  , CONSTRAINT PK_TAKEIT_DETAIL PRIMARY KEY(TAKEIT_NO, ITEM_NO, ORDER_NO)
  , CONSTRAINT FK_ORDER_D_TO_TAKEIT_D FOREIGN KEY(ITEM_NO, ORDER_NO) REFERENCES ORDER_DETAIL(ITEM_NO, ORDER_NO) ON DELETE CASCADE
  , CONSTRAINT FK_TAKEIT_TO_TAKEIT_D FOREIGN KEY(TAKEIT_NO) REFERENCES TAKEIT(TAKEIT_NO) ON DELETE CASCADE
);
-------------------------------------------------------------------------------
-- 게시글 카테고리
CREATE TABLE BOARD_CATEGORY (
	BOARD_CATEGORY_NO VARCHAR2(10) NOT NULL -- 게시글 카테고리 번호,
  ,	BOARD_CATEGORY VARCHAR2(50) NOT NULL -- 게시글 카테고리이름
  
  , CONSTRAINT PK_BOARD_CATEGORY PRIMARY KEY (BOARD_CATEGORY_NO)
);
-- 게시글
CREATE TABLE BOARD (
	BOARD_NO VARCHAR2(20) NOT NULL -- 게시글번호,
  ,	BOARD_WRITER varchar2(50) NOT NULL -- 작성자아이디
  ,	BOARD_TITLE VARCHAR2(100) NOT NULL -- 게시글 제목,
  ,	BOARD_CONTENTS VARCHAR2(1000) NOT NULL -- 게시글 내용,
  ,	BOARD_VIEWS NUMBER(10)DEFAULT 0 NULL -- 게시글 조회수,
  ,	BOARD_PICKS NUMBER(10) DEFAULT 0 NULL -- 게시글 추천수,
  ,	BOARD_DATE TIMESTAMP DEFAULT SYSDATE NOT NULL -- 게시글 작성일자,
  ,	BOARD_CATEGORY_NO VARCHAR2(10) NOT NULL -- 게시글 카테고리 번호,
  ,	ITEM_NO VARCHAR2(20) NULL -- 상품번호,

  , CONSTRAINT PK_BOARD PRIMARY KEY(BOARD_NO)
  , CONSTRAINT FK_BOARD_CATE_TO_BOARD FOREIGN KEY(BOARD_CATEGORY_NO) REFERENCES BOARD_CATEGORY(BOARD_CATEGORY_NO) ON DELETE CASCADE
  , CONSTRAINT FK_ITEM_TO_BOARD FOREIGN KEY(ITEM_NO) REFERENCES ITEM(ITEM_NO) ON DELETE CASCADE
);

    
-- 후기
CREATE TABLE REVIEW (
    REVIEW_NO VARCHAR2(20) NOT NULL -- 후기 번호
  , MEMBER_ID VARCHAR2(50) NOT NULL --일반회원아이디
  , ITEM_NO VARCHAR2(50) NOT NULL -- 상품번호
  , REVIEW_DATE TIMESTAMP DEFAULT SYSDATE NOT NULL -- 후기 등록일자
  , REVIEW_TITLE VARCHAR2(500) NOT NULL --후기제목
  , REVIEW_CONTENTS VARCHAR2(2000) NOT NULL --후기내용
  , REVIEW_SCORE NUMBER(3,1) DEFAULT 0.0 NOT NULL -- 후기 평점
  , REVIEW_IMG VARCHAR2(200) NULL -- 후기사진
  
  , CONSTRAINT PK_REVIEW PRIMARY KEY(REVIEW_NO)
  , CONSTRAINT FK_REVIEW_MEMB_ID FOREIGN KEY(MEMBER_ID) REFERENCES GENERAL_MEMBER(MEMBER_ID) ON DELETE CASCADE
  , CONSTRAINT FK_REVIEW_ITEM_NO FOREIGN KEY(ITEM_NO) REFERENCES ITEM(ITEM_NO)  ON DELETE CASCADE
);
-------------------------------------------------------------------------------
-- 장바구니
CREATE TABLE CART (
	MEMBER_ID varchar2(50) NOT NULL -- 일반회원아이디,
  ,	ITEM_NO VARCHAR2(20) NOT NULL -- 상품번호,
  , CART_ITEM_QTY NUMBER(3) DEFAULT 1 NOT NULL
  
  , CONSTRAINT PK_CART PRIMARY KEY(MEMBER_ID, ITEM_NO)
  , CONSTRAINT FK_ITEM_TO_CART FOREIGN KEY(ITEM_NO) REFERENCES ITEM(ITEM_NO) ON DELETE CASCADE
  , CONSTRAINT FK_GEN_MEMB_TO_CART FOREIGN KEY(MEMBER_ID) REFERENCES GENERAL_MEMBER(MEMBER_ID) ON DELETE CASCADE
);

-------------------------------------------------------------------------------
DELETE FROM TAKEIT_DETAIL;
DELETE FROM TAKEIT;

DELETE FROM ORDER_DETAIL;
DELETE FROM ORDERS;
DELETE FROM SHIPPING;

DELETE FROM ITEM;
DELETE FROM ITEM_CATEGORY;
DELETE FROM PACKING;

DELETE FROM GENERAL_MEMBER;
DELETE FROM SELLER_MEMBER;
DELETE FROM MEMBER_LOC;
DELETE FROM SHOP_CATEGORY;
DELETE FROM SHOP_LOC;

DELETE FROM BOARD;
DELETE FROM BOARD_CATEGORY;
DELETE FROM CART;
DELETE FROM REVIEW;
--------------------------------------------------------------------------------
-- 상점구역
insert into shop_loc values('AA','인천시');
insert into shop_loc values('BB','관악구');
--SELECT * FROM SHOP_LOC;
--상점카테고리
insert into shop_category values('1','야채');
insert into shop_category values('2','과일');
insert into shop_category values('3','정육');
insert into shop_category values('4','밑반찬');
insert into shop_category values('5','쌀');
--SELECT * FROM SHOP_CATEGORY;

--회원구역
insert into MEMBER_LOC values('29','AA','인천시 부평구');
insert into MEMBER_LOC values('30','BB','서울시 관악구');
--SELECT * FROM MEMBER_LOC;

--일반회원
INSERT INTO GENERAL_MEMBER VALUES('user01', 'password01', '홍길동', '010-1111-1111', 'user01@takeit.com', '2021-04-30', 12345, '인천시 부평구', '승리호아파트 309동 502호', 'G', 1000, '1987-05-05', '29', 'AA'); 
INSERT INTO GENERAL_MEMBER VALUES('user02', 'password02', '김유신', '010-2222-2222', 'user02@takeit.com', '2020-05-13', 56789, '인천시 부평구', '해바라기아파트 1209동 706호', 'G', 89000, '1997-07-06', '29', 'AA'); 
INSERT INTO GENERAL_MEMBER VALUES('user03', 'password03', '강감찬', '010-3333-3333', 'user03@takeit.com', '2021-02-27', 98765, '서울시 부평구', '안경잡이아파트 110동 208호', 'G', 5000, '1987-05-05', '29', 'AA'); 
INSERT INTO GENERAL_MEMBER VALUES('admin', 'adminpass99', '관리자', '010-9999-9999', 'admin@takeit.com', '2014-02-27', 45678, '서울시 관악구', '아자아자아파트 807동 1302호', 'A', 0, '1995-12-05', '30', 'BB'); 
--SELECT * FROM GENERAL_MEMBER;

--판매자회원
INSERT INTO SELLER_MEMBER VALUES('seller01', 'password01', '심선경', '010-1234-1111', 'seller01@takeit.com', '2021-02-27', 98765, '인천시 부평구', '부평시장', 'S', '456-78-90123', '010-1111-1234', '선경이네 야채가게', 9.8, NULL, NULL, '1', 'AA'); 
INSERT INTO SELLER_MEMBER VALUES('seller02', 'password02', '김태경', '010-1234-2222', 'seller02@takeit.com', '2021-04-30', 12345, '인천시 부평구', '부평시장', 'S','123-45-67890', '010-2222-1234', '태경이네 과일가게', 9.3, NULL, NULL, '2', 'AA'); 
INSERT INTO SELLER_MEMBER VALUES('seller03', 'password03', '임우진', '010-1234-3333', 'seller03@takeit.com', '2019-06-30', 95123, '서울시 동대문구', '동대문시장', 'S','748-59-61230', '010-3333-1234', '우진이네 정육점', 9.3, NULL, NULL, '3', 'BB'); 
INSERT INTO SELLER_MEMBER VALUES('seller04', 'password04', '한소희', '010-1234-4444', 'seller04@takeit.com', '2020-12-13', 56789, '인천시 남동구', '남동시장', 'S', '968-57-41302', '010-4444-1234', '소희네 반차가게', 9.5, NULL, NULL, '4', 'AA'); 
INSERT INTO SELLER_MEMBER VALUES('seller05', 'password05', '김효원', '010-1234-5555', 'seller05@takeit.com', '2020-05-13', 56789, '인천시 부평구', '부평시장', 'S', '987-65-43210', '010-5555-1234', '효원이네 쌀가게', 9.7, NULL, NULL, '5', 'AA'); 
--SELECT * FROM SELLER_MEMBER;
--------------------------------------------------------------------------------
--포장초기화데이터--
INSERT INTO  packing VALUES ('re789','냉장포장');
INSERT INTO  packing VALUES ('ic789','냉동포장');
INSERT INTO  packing VALUES ('ro123','상온포장');
INSERT INTO  packing VALUES ('el456','기타');

--상품카테고리 데이터--
INSERT INTO ITEM_CATEGORY  VALUES ('ve111','야채','2주','빠른시일내에 섭취해주세요',95,'re789');
INSERT INTO ITEM_CATEGORY  VALUES ('fr222','과일','2주','빠른시일내에 섭취해주세요',98,'re789');
INSERT INTO ITEM_CATEGORY  VALUES ('ri222','곡물류','5달','상온보관 해주세요',97,'ro123');
INSERT INTO ITEM_CATEGORY  VALUES ('dr444','음료','4일','냉장보관 해주세요',95,'re789');
INSERT INTO ITEM_CATEGORY  VALUES ('mi555','유제품','1주','알레르기성분 확인해주세요', 100,'re789');
INSERT INTO ITEM_CATEGORY  VALUES ('me666','고기류','3일','냉장 보관해주세요',96,'re789');
INSERT INTO ITEM_CATEGORY  VALUES ('sd777','반찬류','2주','냉장 보관해주세요',96,'re789');

--상품 초기화데이터--
INSERT INTO  item  VALUES ('SD1209','seller04', '맛있는 깻잎장아찌', 4000, '300g', '국산', 5, 'img/깻잎장아찌.jpg', 9.5, '2021-04-11', 5, 'F','sd777');
INSERT INTO  item  VALUES ('FR0709','seller02', '상큼한 낑깡', 4000, '500g', '국산', 3, 'img/낑깡.jpg', 9.3, '2021-04-13', 7, 'T','fr222');
INSERT INTO  item  VALUES ('BF0612','seller03', '1등급 마블링 한우', 30000, '300g', '국산', 6, 'img/멋진마블링.jpg', 8.7, '2021-04-01', 5, 'F','me666');
INSERT INTO  item  VALUES ('VG0615','seller01', '직접키운 대파', 4000, '500g', '국산', 8, 'img/대파.jpg', 8.6, '2021-04-15', 2, 'T','ve111');
INSERT INTO  item  VALUES ('RC0716','seller05', '고소한 햇찹쌀', 6000, '1kg', '국산', 7, 'img/찹쌀.jpg', 9.8, '2021-04-01', 3, 'T','ri222');

--------------------------------------------------------------------------------
--배송코드 초기화데이터
INSERT INTO SHIPPING VALUES('O-GET','주문접수');
INSERT INTO SHIPPING VALUES('I-GET','상품인수');
INSERT INTO SHIPPING VALUES('I-MOVE','상품이동중');
INSERT INTO SHIPPING VALUES('S-ARR','배달지도착');
INSERT INTO SHIPPING VALUES('S-GO','배달출발');
INSERT INTO SHIPPING VALUES('DONE','배달완료');

--주문 초기화데이터--
INSERT INTO ORDERS VALUES ('A210305000001', '방문수령', '홍길동', null, null, '010-1111-1111', null, null, 'user01');
INSERT INTO ORDERS VALUES ('A210501000001', '배송', '한겨울', '12345', '인천시 부평구', '010-1515-1515', '문 앞', 'O-GET', 'user02');
INSERT INTO ORDERS VALUES ('A210501000002', '배송', '초가을', '13451', '인천시 부평구', '010-1234-2222', '제일 신선한 것으로 챙겨주세요', 'O-GET', 'user02');
INSERT INTO ORDERS VALUES ('A210501000003', '배송', '늦여름', '12365', '인천시 부평구', '010-1234-3333', '문 앞에 두고 가세요', 'O-GET', 'user03');
INSERT INTO ORDERS VALUES ('A210501000004', '배송', '늦가을', '57689', '인천시 부평구', '010-1234-4444', '경비실에 맡겨주세요', 'O-GET', 'user01');
INSERT INTO ORDERS VALUES ('A210501000005', '배송', '초여름', '14151', '인천시 부평구', '010-1234-5555', '오후 4시에 챙겨갈게요', 'O-GET', 'user03');

--주문상세 초기화데이터--
INSERT INTO ORDER_DETAIL VALUES('SD1209', 'A210305000001', 2);
INSERT INTO ORDER_DETAIL VALUES('FR0709', 'A210501000001', 1);
INSERT INTO ORDER_DETAIL VALUES('BF0612', 'A210501000001', 1);
INSERT INTO ORDER_DETAIL VALUES('FR0709', 'A210501000002', 2);
INSERT INTO ORDER_DETAIL VALUES('RC0716', 'A210501000002', 1);
INSERT INTO ORDER_DETAIL VALUES('VG0615', 'A210501000003', 1);
INSERT INTO ORDER_DETAIL VALUES('FR0709', 'A210501000003', 1);
INSERT INTO ORDER_DETAIL VALUES('VG0615', 'A210501000004', 1);
INSERT INTO ORDER_DETAIL VALUES('RC0716', 'A210501000005', 1);
--------------------------------------------------------------------------------
--잇거래 초기화데이터--
INSERT INTO TAKEIT VALUES('T210501000001', 1000000, 50000, '2021/05/01', 0.0, 'T', '29', 'AA');

--잇거래상세 초기화데이터
INSERT INTO TAKEIT_DETAIL VALUES('T210501000001', 'FR0709', 'A210501000001');
INSERT INTO TAKEIT_DETAIL VALUES('T210501000001', 'BF0612', 'A210501000001');
INSERT INTO TAKEIT_DETAIL VALUES('T210501000001', 'FR0709', 'A210501000002');
INSERT INTO TAKEIT_DETAIL VALUES('T210501000001', 'RC0716', 'A210501000002');
INSERT INTO TAKEIT_DETAIL VALUES('T210501000001', 'VG0615', 'A210501000003');
INSERT INTO TAKEIT_DETAIL VALUES('T210501000001', 'FR0709', 'A210501000003');
INSERT INTO TAKEIT_DETAIL VALUES('T210501000001', 'VG0615', 'A210501000004');
INSERT INTO TAKEIT_DETAIL VALUES('T210501000001', 'RC0716', 'A210501000005');
--------------------------------------------------------------------------------
--게시판 카테고리
INSERT INTO BOARD_CATEGORY VALUES ('1','공지사항');
INSERT INTO BOARD_CATEGORY VALUES ('2','자주하는질문');
INSERT INTO BOARD_CATEGORY VALUES ('3','상품문의');

--게시판
INSERT INTO BOARD VALUES(BOARD_SEQ.NEXTVAL, 'admin', '서버 업데이트 관련 공지', '2021년 05월 02일 새벽2시경 업데이트 예정입니다. 서비스 이용에 참고하십시오.-끝-', 10, null, '2021-04-30', '1', null);
INSERT INTO BOARD VALUES(BOARD_SEQ.NEXTVAL, 'admin', '비밀번호를 재설정하고 싶어요', '마이페이지 >> 내정보조회 >> 비밀번호 변경 과정을 완료하십시오.-끝-', null, null, '2020-05-30', '2', null);
INSERT INTO BOARD VALUES(BOARD_SEQ.NEXTVAL, 'user01', '태경이네 과일가게 낑깡 문의 드려요', '100g단위로 사고싶은데 가능하나요?', 2, null, '2021-05-01', '3', 'FR0709');
INSERT INTO BOARD VALUES(BOARD_SEQ.NEXTVAL, 'seller02', '[답변]태경이네 과일가게 귤 문의 드려요', '네, 가능합니다. 자세한 사항은 가게로 연락주세요. 상호명:태경이네 과일가게, 연락처: 010-1111-1234', 5, null, '2021-05-01', '3', 'FR0709');

--후기
INSERT INTO REVIEW VALUES(REVIEW_SEQ.NEXTVAL, 'user01', 'FR0709', '2021-05-03', '태경이네 낑깡 추천해요!', '알도 실하고 상큼해서 질리지 않더라구요 다음에는 1키로 살래요 ㅎㅎ', 10.0, null);
--------------------------------------------------------------------------------
-- 장바구니
INSERT INTO CART VALUES('user02','SD1209',3);
INSERT INTO CART VALUES('user02','BF0612',2);
INSERT INTO CART VALUES('user02','VG0615',2);
INSERT INTO CART VALUES('user02','FR0709',3);
--------------------------------------------------------------------------------