DROP SEQUENCE BOARD_SEQ;
DROP SEQUENCE ORDER_SEQ;
DROP SEQUENCE ITEM_SEQ;
DROP SEQUENCE TAKEIT_SEQ;
DROP SEQUENCE REVIEW_SEQ;

DROP TABLE TAKEIT_DETAIL CASCADE CONSTRAINTS PURGE;
DROP TABLE TAKEIT CASCADE CONSTRAINTS PURGE;

DROP TABLE ORDER_DETAIL CASCADE CONSTRAINTS PURGE;
DROP TABLE ORDERS CASCADE CONSTRAINTS PURGE;
DROP TABLE SHIPPING CASCADE CONSTRAINTS PURGE;

DROP TABLE ITEM CASCADE CONSTRAINTS PURGE;
DROP TABLE ITEM_CATEGORY CASCADE CONSTRAINTS PURGE;
DROP TABLE PACKING CASCADE CONSTRAINTS PURGE;

DROP TABLE BOARD  CASCADE CONSTRAINTS PURGE;
DROP TABLE BOARD_CATEGORY  CASCADE CONSTRAINTS PURGE;

DROP TABLE REVIEW CASCADE CONSTRAINTS PURGE;

DROP TABLE SELLER  CASCADE CONSTRAINTS PURGE;
DROP TABLE MEMBER CASCADE CONSTRAINTS PURGE;
DROP TABLE MEMBER_LOC CASCADE CONSTRAINTS PURGE;
DROP TABLE SHOP_CATEGORY CASCADE CONSTRAINTS PURGE;
DROP TABLE SHOP_LOC CASCADE CONSTRAINTS PURGE;
DROP TABLE CART CASCADE CONSTRAINTS PURGE;
----------------------------------------------------------------
--게시판 시퀀스
CREATE SEQUENCE BOARD_SEQ
START WITH 1
INCREMENT BY 1;

-- 상품 시퀀스
CREATE SEQUENCE ITEM_SEQ
START WITH 1
INCREMENT BY 1;

--주문시퀀스
CREATE SEQUENCE ORDER_SEQ
START WITH 1
INCREMENT BY 1;

--잇거래 시퀀스
CREATE SEQUENCE TAKEIT_SEQ
START WITH 1
INCREMENT BY 1;

--후기 시퀀스
CREATE SEQUENCE REVIEW_SEQ
START WITH 1
INCREMENT BY 1;
----------------------------------------------------------------
-- 상점구역
CREATE TABLE SHOP_LOC (
	SHOP_LOC_CODE VARCHAR2(10) NOT NULL -- 상점구역코드,
  ,	SHOP_LOC_NAME VARCHAR2(50) NOT NULL -- 상점구역이름
  ,	SHOP_LOC_LAT VARCHAR2(20) NOT NULL  -- 위도
  ,	SHOP_LOC_LNG VARCHAR2(20) NOT NULL -- 경도
  
  ,CONSTRAINT PK_SHOP_LOC PRIMARY KEY(SHOP_LOC_CODE)
);
-- 상점카테고리
CREATE TABLE SHOP_CATEGORY (
	SHOP_CATEGORY_NO VARCHAR2(10) NOT NULL -- 카테고리번호,
  ,	SHOP_CATEGORY VARCHAR2(20) NOT NULL -- 카테고리이름
  
  , CONSTRAINT PK_SHOP_CATEGORY PRIMARY KEY(SHOP_CATEGORY_NO)
);
-- 회원구역
CREATE TABLE MEMBER_LOC (
	MEMBER_LOC_NO VARCHAR2(10) NOT NULL -- 회원구역번호,
  ,	SHOP_LOC_CODE VARCHAR2(10) NOT NULL -- 상점구역코드,
  ,	MEMBER_LOC_NAME VARCHAR2(50) NOT NULL -- 회원구역이름
  
  , CONSTRAINT PK_MEMBER_LOC PRIMARY KEY(MEMBER_LOC_NO, SHOP_LOC_CODE)
  , CONSTRAINT FK_SHOP_LOC_TO_MEMB_LOC FOREIGN KEY (SHOP_LOC_CODE) REFERENCES SHOP_LOC(SHOP_LOC_CODE) ON DELETE CASCADE
);
-- 판매자
CREATE TABLE SELLER (
	SELLER_ID varchar2(50) NOT NULL -- 판매자회원아이디,
  ,	SELLER_PW VARCHAR2(50) NOT NULL -- 비밀번호,
  ,	NAME VARCHAR(30) NOT NULL -- 이름,
  ,	MOBILE CHAR(13) NOT NULL -- 휴대폰,
  ,	EMAIL VARCHAR(100) NOT NULL -- 이메일,
  ,	ENTRY_DATE TIMESTAMP DEFAULT SYSDATE NOT NULL -- 가입일자,
  ,	POSTNO CHAR(5) NOT NULL -- 우편번호,
  ,	ADDRESS VARCHAR(255) NOT NULL -- 도로명주소,
  ,	ADDRESS_DETAIL VARCHAR(255) NOT NULL -- 상세주소,
  ,	GRADE CHAR(1) DEFAULT 'S' NULL -- 등급,
  ,	SELLER_NO CHAR(12) UNIQUE NOT NULL -- 사업자등록번호,
  ,	SHOP_MOBILE VARCHAR2(13) NOT NULL -- 상점연락처,
  ,	SHOP_NAME VARCHAR2(50) NOT NULL -- 상점명,
  ,	CUST_SCORE NUMBER(3,1) DEFAULT 0.0 NOT NULL -- 고객평점,
  ,	SHOP_KAKAO_ID VARCHAR2(50) NULL -- 카카오톡아이디,
  ,	SHOP_IMG VARCHAR2(200) NULL -- 상점이미지,
  ,	SHOP_CATEGORY_NO VARCHAR2(10) NOT NULL -- 카테고리번호,
  ,	SHOP_LOC_CODE VARCHAR2(10) NOT NULL -- 상점구역코드
  
  , CONSTRAINT PK_SELLER_MEMBER PRIMARY KEY(SELLER_ID)
  , CONSTRAINT FK_SHOP_CATE_TO_SEL_MEMB FOREIGN KEY(SHOP_CATEGORY_NO) REFERENCES SHOP_CATEGORY(SHOP_CATEGORY_NO) ON DELETE CASCADE
  , CONSTRAINT FK_SHOPLOC_TO_SELMEMB FOREIGN KEY(SHOP_LOC_CODE) REFERENCES SHOP_LOC(SHOP_LOC_CODE) ON DELETE CASCADE
);

-- 일반
CREATE TABLE MEMBER (
	MEMBER_ID varchar2(50) NOT NULL -- 일반회원아이디,
  ,	MEMBER_PW VARCHAR2(50) NOT NULL -- 비밀번호,
  ,	NAME VARCHAR(30) NOT NULL -- 이름,
  ,	MOBILE CHAR(13) NOT NULL -- 휴대폰,
  ,	EMAIL VARCHAR(100) NOT NULL -- 이메일,
  ,	ENTRY_DATE TIMESTAMP DEFAULT SYSDATE NOT NULL -- 가입일자,
  ,	POSTNO CHAR(5) NOT NULL -- 우편번호,
  ,	ADDRESS VARCHAR(255) NOT NULL -- 도로명주소,
  ,	ADDRESS_DETAIL VARCHAR(255) NOT NULL -- 상세주소,
  ,	GRADE CHAR(1) DEFAULT 'G' NULL -- 등급,
  ,	POINT NUMBER(7,0) DEFAULT 1000 NULL -- 적립금,
  ,	BIRTH CHAR(10) NULL -- 생일,
  ,	MEMBER_LOC_NO VARCHAR2(10) NULL -- 회원구역번호,
  ,	SHOP_LOC_CODE VARCHAR2(10) NULL -- 상점구역코드
  
  , CONSTRAINT PK_MEMBER PRIMARY KEY(MEMBER_ID)
  , CONSTRAINT FK_MEMB_LOC_TO_GEN_MEMB FOREIGN KEY(MEMBER_LOC_NO,SHOP_LOC_CODE) REFERENCES MEMBER_LOC(MEMBER_LOC_NO, SHOP_LOC_CODE) ON DELETE CASCADE
);
-------------------------------------------------------------------------------
-- 포장
CREATE TABLE PACKING (
	PACK_TYPE_NO VARCHAR2(5) NOT NULL -- 포장타입번호,
  ,	PACK_TYPE_NAME VARCHAR2(20) NOT NULL -- 포장타입이름
  
  , CONSTRAINT PK_PACKING PRIMARY KEY(PACK_TYPE_NO)
);
-- 상품카테고리
CREATE TABLE ITEM_CATEGORY (
	ITEM_CATEGORY_NO VARCHAR2(10) NOT NULL -- 카테고리번호,
  ,	ITEM_CATEGORY_NAME VARCHAR2(20) NOT NULL -- 카테고리이름,
  ,	EXPIRATION_DATE VARCHAR2(20) -- 유통기한,
  ,	NOTICE VARCHAR2(500) NOT NULL -- 안내사항,
  ,	FRESH_PERCENT NUMBER(4,1) NULL -- 신선도,
  ,	PACK_TYPE_NO VARCHAR2(5) NOT NULL -- 포장타입번호
  
  , CONSTRAINT PK_ITEM_CATEGORY PRIMARY KEY(ITEM_CATEGORY_NO)
  , CONSTRAINT FK_PACK_TO_ITEM_CATE FOREIGN KEY(PACK_TYPE_NO) REFERENCES PACKING(PACK_TYPE_NO) ON DELETE CASCADE
);
-- 상품
CREATE TABLE ITEM (
	ITEM_NO VARCHAR2(20) NOT NULL -- 상품번호,
  ,	SELLER_ID varchar2(50) NOT NULL -- 판매자회원아이디,
  ,	ITEM_NAME VARCHAR2(50) NOT NULL -- 상품명,
  ,	ITEM_PRICE NUMBER(8) NOT NULL -- 판매가,
  ,	SALES_UNIT VARCHAR2(20) NULL -- 판매단위,
  ,	ITEM_ORIGIN VARCHAR2(20) NOT NULL -- 원산지,
  ,	ITEM_STOCK NUMBER(3,0) NOT NULL -- 재고량,
  ,	ITEM_IMG VARCHAR2(200) NOT NULL -- 상품이미지,
  ,	ITEM_CUST_SCORE NUMBER(3,1) NOT NULL -- 고객평점,
  ,	ITEM_INPUT_DATE TIMESTAMP DEFAULT SYSDATE NOT NULL -- 등록일자,
  ,	DISC_RATE NUMBER(3,0) NULL -- 할인율,
  ,	ITEM_TAKEIT CHAR(1) DEFAULT 'F' NOT NULL -- 잇거래여부,
  ,	ITEM_CATEGORY_NO VARCHAR2(10) NOT NULL -- 카테고리번호
  
  , CONSTRAINT PK_ITEM PRIMARY KEY(ITEM_NO)
  , CONSTRAINT FK_ITEM_CATE_TO_ITEM FOREIGN KEY(ITEM_CATEGORY_NO) REFERENCES ITEM_CATEGORY(ITEM_CATEGORY_NO) ON DELETE CASCADE
  , CONSTRAINT FK_SEL_MEMB_TO_ITEM FOREIGN KEY(SELLER_ID) REFERENCES SELLER(SELLER_ID) ON DELETE CASCADE
);
-------------------------------------------------------------------------------
-- 배송상태
CREATE TABLE SHIPPING (
	SHIP_STATUS_CODE VARCHAR2(10) NOT NULL -- 배송상태코드,
  ,	SHIP_STATUS VARCHAR2(20) NOT NULL -- 배송상태이름
  
  , CONSTRAINT PK_SHIPPING PRIMARY KEY(SHIP_STATUS_CODE)
);
-- 주문
CREATE TABLE ORDERS (
	ORDER_NO VARCHAR2(20) NOT NULL -- 주문번호,
  ,	RECEIVE_METHOD VARCHAR2(20) NOT NULL -- 수령방법,
  ,	RECIPIENT_NAME VARCHAR2(50) NOT NULL -- 수령인,
  ,	RECIPIENT_POSTNO CHAR(5) NULL -- 수령인우편번호,
  ,	RECIPIENT_ADDR VARCHAR2(500) NULL -- 수령인 상세주소,
  ,	RECIPIENT_MOBILE CHAR(13) NOT NULL -- 수령인 연락처,
  ,	SHIP_REQUEST VARCHAR2(100) NULL -- 배송요청사항,
  , ORDER_PRICE NUMBER(10) NOT NULL -- 총주문금액
  , ORDER_CANCEL_REQ CHAR(1) DEFAULT 'F' -- 주문취소요청
  , ORDER_CANCEL CHAR(1) DEFAULT 'F' --주문취소
  ,	SHIP_STATUS_CODE VARCHAR2(10) NULL -- 배송상태코드,
  ,	MEMBER_ID varchar2(50) NULL -- 일반회원아이디

  
  , CONSTRAINT PK_ORDERS PRIMARY KEY(ORDER_NO)
  , CONSTRAINT FK_SHIP_TO_ORDERS FOREIGN KEY(SHIP_STATUS_CODE) REFERENCES SHIPPING(SHIP_STATUS_CODE) ON DELETE CASCADE
  , CONSTRAINT FK_GEN_MEMB_TO_ORDERS FOREIGN KEY(MEMBER_ID) REFERENCES MEMBER(MEMBER_ID) ON DELETE CASCADE
);
-- 주문상품상세
CREATE TABLE ORDER_DETAIL (
	ITEM_NO VARCHAR2(20) NOT NULL -- 상품번호,
  ,	ORDER_NO VARCHAR2(20) NOT NULL -- 주문번호,
  ,	ITEM_QTY NUMBER(3) NOT NULL -- 상품주문수량
  ,	ITEM_PAY_PRICE NUMBER(10) NOT NULL
  
  , CONSTRAINT PK_ORDER_DETAIL PRIMARY KEY(ITEM_NO, ORDER_NO)
  , CONSTRAINT FK_ITEM_TO_ORDER_DETAIL FOREIGN KEY(ITEM_NO) REFERENCES ITEM(ITEM_NO) ON DELETE CASCADE
  , CONSTRAINT FK_ORDERS_TO_ORDER_DETAIL FOREIGN KEY(ORDER_NO) REFERENCES ORDERS(ORDER_NO) ON DELETE CASCADE
);
-------------------------------------------------------------------------------
-- 잇거래
CREATE TABLE TAKEIT (
	TAKEIT_NO VARCHAR2(20) NOT NULL -- 잇거래번호,
  ,	TAKEIT_PRICE NUMBER(10,0) NOT NULL -- 모집금액,
  , TAKEIT_CURR_PRICE NUMBER(10,0) DEFAULT 0 NOT NULL -- 현재 모집된 금액
  ,	TAKEIT_DATE TIMESTAMP DEFAULT SYSDATE NOT NULL -- 모집시작일자,
  ,	TAKEIT_CUST_SCORE NUMBER(3,1) DEFAULT 5.0 NOT NULL -- 고객평점,
  ,	TAKEIT_ALIVE CHAR(1) DEFAULT 'T' NOT NULL -- 잇거래진행여부,
  ,	MEMBER_LOC_NO VARCHAR2(10) NOT NULL -- 회원구역번호,
  ,	SHOP_LOC_CODE VARCHAR2(10) NOT NULL -- 상점구역코드
 
 
  , CONSTRAINT PK_TAKEIT PRIMARY KEY(TAKEIT_NO)
  , CONSTRAINT FK_MEMB_LOC_TO_TAKEIT FOREIGN KEY(MEMBER_LOC_NO, SHOP_LOC_CODE) REFERENCES MEMBER_LOC(MEMBER_LOC_NO, SHOP_LOC_CODE) ON DELETE CASCADE
);

-- 잇거래주문목록
CREATE TABLE TAKEIT_DETAIL (
	TAKEIT_NO VARCHAR2(20) NOT NULL -- 잇거래번호,
  ,	ORDER_NO VARCHAR2(20) NOT NULL -- 주문번호,
  
  , CONSTRAINT PK_TAKEIT_DETAIL PRIMARY KEY(TAKEIT_NO, ORDER_NO)
  , CONSTRAINT FK_ORDERS_TO_TAKEIT_D FOREIGN KEY(ORDER_NO) REFERENCES ORDERS(ORDER_NO) ON DELETE CASCADE
  , CONSTRAINT FK_TAKEIT_TO_TAKEIT_D FOREIGN KEY(TAKEIT_NO) REFERENCES TAKEIT(TAKEIT_NO) ON DELETE CASCADE
);
-------------------------------------------------------------------------------
-- 게시글 카테고리
CREATE TABLE BOARD_CATEGORY (
	BOARD_CATEGORY_NO VARCHAR2(10) NOT NULL -- 게시글 카테고리 번호,
  ,	BOARD_CATEGORY VARCHAR2(50) NOT NULL -- 게시글 카테고리이름
  
  , CONSTRAINT PK_BOARD_CATEGORY PRIMARY KEY (BOARD_CATEGORY_NO)
);
-- 게시글
CREATE TABLE BOARD (
	BOARD_NO VARCHAR2(20) NOT NULL -- 게시글번호,
  ,	BOARD_WRITER varchar2(50) NOT NULL -- 작성자아이디
  ,	BOARD_TITLE VARCHAR2(100) NOT NULL -- 게시글 제목,
  ,	BOARD_CONTENTS VARCHAR2(1000) NOT NULL -- 게시글 내용,
  ,	BOARD_VIEWS NUMBER(10)DEFAULT 0 NULL -- 게시글 조회수,
  ,	BOARD_PICKS NUMBER(10) DEFAULT 0 NULL -- 게시글 추천수,
  ,	BOARD_DATE TIMESTAMP DEFAULT SYSDATE NOT NULL -- 게시글 작성일자,
  ,	BOARD_CATEGORY_NO VARCHAR2(10) NOT NULL -- 게시글 카테고리 번호,
  ,	ITEM_NO VARCHAR2(20) NULL -- 상품번호,

  , CONSTRAINT PK_BOARD PRIMARY KEY(BOARD_NO)
  , CONSTRAINT FK_BOARD_CATE_TO_BOARD FOREIGN KEY(BOARD_CATEGORY_NO) REFERENCES BOARD_CATEGORY(BOARD_CATEGORY_NO) ON DELETE CASCADE
  , CONSTRAINT FK_ITEM_TO_BOARD FOREIGN KEY(ITEM_NO) REFERENCES ITEM(ITEM_NO) ON DELETE CASCADE
);

    
-- 후기
CREATE TABLE REVIEW (
    REVIEW_NO VARCHAR2(20) NOT NULL -- 후기 번호
  , MEMBER_ID VARCHAR2(50) NOT NULL --일반회원아이디
  , ITEM_NO VARCHAR2(50) NOT NULL -- 상품번호
  , REVIEW_DATE TIMESTAMP DEFAULT SYSDATE NOT NULL -- 후기 등록일자
  , REVIEW_TITLE VARCHAR2(500) NOT NULL --후기제목
  , REVIEW_CONTENTS VARCHAR2(2000) NOT NULL --후기내용
  , REVIEW_VIEWS NUMBER(10)DEFAULT 0 NULL -- 후기 조회수,
  , REVIEW_SCORE NUMBER(3,1) DEFAULT 0.0 NOT NULL -- 후기 평점
  , REVIEW_IMG VARCHAR2(200) NULL -- 후기사진
  
  , CONSTRAINT PK_REVIEW PRIMARY KEY(REVIEW_NO)
  , CONSTRAINT FK_REVIEW_MEMB_ID FOREIGN KEY(MEMBER_ID) REFERENCES MEMBER(MEMBER_ID) ON DELETE CASCADE
  , CONSTRAINT FK_REVIEW_ITEM_NO FOREIGN KEY(ITEM_NO) REFERENCES ITEM(ITEM_NO)  ON DELETE CASCADE
);
-------------------------------------------------------------------------------
-- 장바구니
CREATE TABLE CART (
	MEMBER_ID varchar2(50) NOT NULL -- 일반회원아이디,
  ,	ITEM_NO VARCHAR2(20) NOT NULL -- 상품번호,
  , CART_ITEM_QTY NUMBER(3) DEFAULT 1 NOT NULL
  
  , CONSTRAINT PK_CART PRIMARY KEY(MEMBER_ID, ITEM_NO)
  , CONSTRAINT FK_ITEM_TO_CART FOREIGN KEY(ITEM_NO) REFERENCES ITEM(ITEM_NO) ON DELETE CASCADE
  , CONSTRAINT FK_GEN_MEMB_TO_CART FOREIGN KEY(MEMBER_ID) REFERENCES MEMBER(MEMBER_ID) ON DELETE CASCADE
);

-------------------------------------------------------------------------------
DELETE FROM TAKEIT_DETAIL;
DELETE FROM TAKEIT;

DELETE FROM ORDER_DETAIL;
DELETE FROM ORDERS;
DELETE FROM SHIPPING;

DELETE FROM ITEM;
DELETE FROM ITEM_CATEGORY;
DELETE FROM PACKING;

DELETE FROM MEMBER;
DELETE FROM SELLER;
DELETE FROM MEMBER_LOC;
DELETE FROM SHOP_CATEGORY;
DELETE FROM SHOP_LOC;

DELETE FROM BOARD;
DELETE FROM BOARD_CATEGORY;
DELETE FROM CART;
DELETE FROM REVIEW;
--------------------------------------------------------------------------------
-- 상점구역
insert into shop_loc values('AA','인천부평시장', '37.49443088673744', '126.72644033165483');
insert into shop_loc values('BB','관악신사시장', '37.48323023600057', '126.94495606499854');
insert into shop_loc values('CC','제주중앙시장', '33.49168531385225', '126.50887179570302');
--SELECT * FROM SHOP_LOC;
--상점카테고리
insert into shop_category values('1','야채');
insert into shop_category values('2','과일');
insert into shop_category values('3','정육');
insert into shop_category values('4','밑반찬');
insert into shop_category values('5','쌀');
insert into shop_category values('6','유제품');
insert into shop_category values('7','아이스크림');
--SELECT * FROM S HOP_CATEGORY;

--회원구역
--insert into MEMBER_LOC values('29','AA','인천시 부평구');
--insert into MEMBER_LOC values('30','BB','서울시 동대문구');
--SELECT * FROM MEMBER_LOC;
BEGIN
FOR i IN 0..99 LOOP 
INSERT INTO MEMBER_LOC VALUES (i, 'AA' , 'AA-'||i);
END LOOP;
END;
--
BEGIN
FOR i IN 0..99 LOOP 
INSERT INTO MEMBER_LOC VALUES (i, 'BB' , 'BB-'||i);
END LOOP;
END;

--일반회원
INSERT INTO MEMBER VALUES('user01', 'password01', '홍길동', '010-1111-1111', 'user01@takeit.com', '2021-04-30', 12345, '인천시 부평구', '승리호아파트 309동 502호', 'G', 1000, '1987-05-05', '29', 'AA'); 
INSERT INTO MEMBER VALUES('user02', 'password02', '김유신', '010-2222-2222', 'user02@takeit.com', '2020-05-13', 56789, '서울시 동대문구', '해바라기아파트 1209동 706호', 'G', 89000, '1997-07-06', '30', 'BB'); 
INSERT INTO MEMBER VALUES('user03', 'password03', '강감찬', '010-3333-3333', 'user03@takeit.com', '2021-02-27', 98765, '서울시 부평구', '안경잡이아파트 110동 208호', 'G', 5000, '1987-05-05', '29', 'AA'); 
INSERT INTO MEMBER VALUES('admin', 'adminpass99', '관리자', '010-9999-9999', 'admin@takeit.com', '2014-02-27', 45678, '서울시 관악구', '아자아자아파트 807동 1302호', 'A', 0, '1995-12-05', '30', 'BB'); 
--SELECT * FROM GENERAL_MEMBER;

--판매자회원
INSERT INTO SELLER VALUES('seller01', 'password01', '심선경', '010-1234-1111', 'seller01@takeit.com', '2021-02-27', 98765, '인천시 부평구', '부평시장', 'S', '456-78-90123', '010-1111-1234', '선경이네 야채가게', 9.8, NULL, 'shopImg1.jpg', '1', 'AA'); 
INSERT INTO SELLER VALUES('seller02', 'password02', '김태경', '010-1234-2222', 'seller02@takeit.com', '2021-04-30', 12345, '서울시 동대문구', '동대문시장', 'S','123-45-67890', '010-2222-1234', '태경이네 과일가게', 9.3, NULL, 'shopImg2.jpg', '2', 'BB'); 
INSERT INTO SELLER VALUES('seller03', 'password03', '임우진', '010-1234-3333', 'seller03@takeit.com', '2019-06-30', 95123, '서울시 동대문구', '동대문시장', 'S','748-59-61230', '010-3333-1234', '우진이네 정육점', 9.3, NULL, 'shopImg3.jpg', '3', 'BB'); 
INSERT INTO SELLER VALUES('seller04', 'password04', '한소희', '010-1234-4444', 'seller04@takeit.com', '2020-12-13', 56789, '인천시 남동구', '남동시장', 'S', '968-57-41302', '010-4444-1234', '소희네 반찬가게', 9.5, NULL, 'shopImg4.jpg', '4', 'AA'); 
INSERT INTO SELLER VALUES('seller05', 'password05', '김효원', '010-1234-5555', 'seller05@takeit.com', '2020-05-13', 56789, '인천시 부평구', '부평시장', 'S', '987-65-43210', '010-5555-1234', '효원이네 쌀가게', 9.7, NULL, 'shopImg5.jpg', '5', 'AA'); 
INSERT INTO SELLER VALUES('seller06', 'password06', '송중기', '010-1234-6666', 'seller06@takeit.com', '2021-05-08', 56789, '인천시 부평구', '부평시장', 'S', '456-65-21210', '010-6666-1234', '중기네 메인유업', 9.2, NULL, 'shopImg6.jpg', '6', 'AA'); 
INSERT INTO SELLER VALUES('seller07', 'password07', '김태리', '010-1234-7777', 'seller07@takeit.com', '2019-07-30', 95123, '서울시 동대문구', '동대문시장', 'S','348-59-69870', '010-7777-1234', '태리네 아이스', 8.9, NULL, 'shopImg7.jpg', '7', 'BB'); 

--SELECT * FROM SELLER_MEMBER;
--------------------------------------------------------------------------------
--포장초기화데이터--
INSERT INTO  packing VALUES ('re789','냉장포장');
INSERT INTO  packing VALUES ('ic789','냉동포장');
INSERT INTO  packing VALUES ('ro123','상온포장');
INSERT INTO  packing VALUES ('el456','기타');

--상품카테고리 데이터--
INSERT INTO ITEM_CATEGORY  VALUES ('ve','야채','14','빠른시일내에 섭취해주세요',95,'re789');
INSERT INTO ITEM_CATEGORY  VALUES ('fr','과일','14','빠른시일내에 섭취해주세요',98,'re789');
INSERT INTO ITEM_CATEGORY  VALUES ('ri','곡물류','150','상온보관 해주세요',97,'ro123');
INSERT INTO ITEM_CATEGORY  VALUES ('dr','음료','7','냉장보관 해주세요',95,'re789');
INSERT INTO ITEM_CATEGORY  VALUES ('mi','유제품','7','알레르기성분 확인해주세요', 100,'re789');
INSERT INTO ITEM_CATEGORY  VALUES ('me','고기류','7','냉장 보관해주세요',96,'re789');
INSERT INTO ITEM_CATEGORY  VALUES ('sd','반찬류','14','냉장 보관해주세요',96,'re789');
INSERT INTO ITEM_CATEGORY  VALUES ('ic','아이스크림','30','냉동 보관해주세요',96,'ic789');

--상품 초기화데이터--
--SELECT * FROM ITEM;
INSERT INTO  item  VALUES ('VG'||LPAD(ITEM_SEQ.NEXTVAL,6,'0'),'seller01', '직접키운 대파', 4000, '500g', '국산', 8, 'VG'||LPAD(ITEM_SEQ.CURRVAL,6,'0')||'.jpg', 8.6, '2021-04-29', 2, 'F','ve');
INSERT INTO  item  VALUES ('FR'||LPAD(ITEM_SEQ.NEXTVAL,6,'0'),'seller02', '상큼한 낑깡', 4000, '500g', '국산', 3, 'FR'||LPAD(ITEM_SEQ.CURRVAL,6,'0')||'.jpg', 9.3, '2021-04-30', 7, 'F','fr');
INSERT INTO  item  VALUES ('BF'||LPAD(ITEM_SEQ.NEXTVAL,6,'0'),'seller03', '1등급 마블링 한우', 30000, '300g', '국산', 6, 'BF'||LPAD(ITEM_SEQ.CURRVAL,6,'0')||'.jpg', 8.7, '2021-04-28', 5, 'F','me');
INSERT INTO  item  VALUES ('SD'||LPAD(ITEM_SEQ.NEXTVAL,6,'0'),'seller04', '맛있는 깻잎장아찌', 4000, '300g', '국산', 5, 'SD'||LPAD(ITEM_SEQ.CURRVAL,6,'0')||'.jpg', 9.5, '2021-05-01', 5, 'F','sd');
INSERT INTO  item  VALUES ('RC'||LPAD(ITEM_SEQ.NEXTVAL,6,'0'),'seller05', '고소한 햇찹쌀', 6000, '1kg', '국산', 7, 'RC'||LPAD(ITEM_SEQ.CURRVAL,6,'0')||'.jpg', 9.8, '2021-04-01', 3, 'F','ri');

INSERT INTO  item  VALUES ('IC'||LPAD(ITEM_SEQ.NEXTVAL,6,'0'),'seller07', '콘 아이스크림', 2000, '1개', '국산', 11, 'IC'||LPAD(ITEM_SEQ.CURRVAL,6,'0')||'.jpeg', 9.5, '2021-05-09', 3, 'F','ic');
INSERT INTO  item  VALUES ('MI'||LPAD(ITEM_SEQ.NEXTVAL,6,'0'),'seller06', '커피우유', 1200, '1개', '국산', 8, 'MI'||LPAD(ITEM_SEQ.CURRVAL,6,'0')||'.jpeg', 8.8, '2021-05-09', 4, 'F','mi');
INSERT INTO  item  VALUES ('RI'||LPAD(ITEM_SEQ.NEXTVAL,6,'0'),'seller05', '발아현미', 7000, '1kg', '국산', 30, 'RI'||LPAD(ITEM_SEQ.CURRVAL,6,'0')||'.jpeg', 9.8, '2021-05-09', 5, 'F','ri');
INSERT INTO  item  VALUES ('SD'||LPAD(ITEM_SEQ.NEXTVAL,6,'0'),'seller04', '엄마마음 계란말이', 4500, '500g', '국산', 40, 'SD'||LPAD(ITEM_SEQ.CURRVAL,6,'0')||'.jpeg', 8.8, '2021-05-09', 6, 'F','sd');
INSERT INTO  item  VALUES ('ME'||LPAD(ITEM_SEQ.NEXTVAL,6,'0'),'seller03', '갈매기살', 8000, '1kg', '호주', 22, 'ME'||LPAD(ITEM_SEQ.CURRVAL,6,'0')||'.jpeg', 9.1, '2020-05-08', 7, 'F','me');
INSERT INTO  item  VALUES ('IC'||LPAD(ITEM_SEQ.NEXTVAL,6,'0'),'seller07', '후루트콘', 2000, '1kg', '국산', 9, 'IC'||LPAD(ITEM_SEQ.CURRVAL,6,'0')||'.jpeg', 9.2, '2020-05-08', 8, 'F','ic');
INSERT INTO  item  VALUES ('FR'||LPAD(ITEM_SEQ.NEXTVAL,6,'0'),'seller02', '잘 익은 수박', 15900, '1kg', '국산', 10, 'FR'||LPAD(ITEM_SEQ.CURRVAL,6,'0')||'.jpeg', 9.3, '2021-05-08', 1, 'F','fr');
INSERT INTO  item  VALUES ('FR'||LPAD(ITEM_SEQ.NEXTVAL,6,'0'),'seller02', '새콤달콤 딸기', 6000, '500G', '국산', 15, 'FR'||LPAD(ITEM_SEQ.CURRVAL,6,'0')||'.jpeg', 9.4, '2021-05-07', 9, 'F','fr');
INSERT INTO  item  VALUES ('SD'||LPAD(ITEM_SEQ.NEXTVAL,6,'0'),'seller04', '매콤한 무말랭이', 5000, '350G', '국산', 10, 'SD'||LPAD(ITEM_SEQ.CURRVAL,6,'0')||'.jpeg', 9.5, '2021-05-06', 10, 'F','sd');
INSERT INTO  item  VALUES ('ME'||LPAD(ITEM_SEQ.NEXTVAL,6,'0'),'seller03', '흑돼지 삼겹살', 21000, '1kg', '국산', 22, 'ME'||LPAD(ITEM_SEQ.CURRVAL,6,'0')||'.jpeg', 9.8, '2021-05-05', 5, 'F','me');
INSERT INTO  item  VALUES ('RI'||LPAD(ITEM_SEQ.NEXTVAL,6,'0'),'seller05', '갓 도정한 흑미쌀', 9500, '1kg', '국산', 33, 'RI'||LPAD(ITEM_SEQ.CURRVAL,6,'0')||'.jpeg', 9.9, '2021-05-04', 4, 'T','ri');
INSERT INTO  item  VALUES ('FR'||LPAD(ITEM_SEQ.NEXTVAL,6,'0'),'seller02', '탱글탱글 포도', 8000, '2송이', '국산', 11, 'FR'||LPAD(ITEM_SEQ.CURRVAL,6,'0')||'.jpeg', 9.0, '2021-05-09', 3, 'T','fr');


INSERT INTO  item  VALUES ('IC'||LPAD(ITEM_SEQ.NEXTVAL,6,'0'),'seller07', '매그넘 아이스크림', 5000, '2개입', '미국', 5, 'IC'||LPAD(ITEM_SEQ.CURRVAL,6,'0')||'.jpg', 9.5, '2021-05-01', 5, 'T','ic');
INSERT INTO  item  VALUES ('MI'||LPAD(ITEM_SEQ.NEXTVAL,6,'0'),'seller06', '마이리틀 요거트', 3500, '250g', '국산', 9, 'MI'||LPAD(ITEM_SEQ.CURRVAL,6,'0')||'.jpg', 9.4, '2021-05-05', 7, 'T','mi');
INSERT INTO  item  VALUES ('MI'||LPAD(ITEM_SEQ.NEXTVAL,6,'0'),'seller06', '엔요 요구르트', 2900, '5개', '국산', 8, 'MI'||LPAD(ITEM_SEQ.CURRVAL,6,'0')||'.jpg', 8.7, '2021-05-06', 5, 'T','mi');
INSERT INTO  item  VALUES ('MI'||LPAD(ITEM_SEQ.NEXTVAL,6,'0'),'seller06', '직접짠 고소한 우유', 4000, '500ml', '국산', 6, 'MI'||LPAD(ITEM_SEQ.CURRVAL,6,'0')||'.jpg', 8.4, '2021-05-08', 0, 'T','mi');
INSERT INTO  item  VALUES ('VE'||LPAD(ITEM_SEQ.NEXTVAL,6,'0'),'seller01', '한끼식사 샐러드', 5500, '500g', '국산', 10, 'VE'||LPAD(ITEM_SEQ.CURRVAL,6,'0')||'.jpg', 9.1, '2021-05-08', 4, 'T','ve');


INSERT INTO  item  VALUES ('FR'||LPAD(ITEM_SEQ.NEXTVAL,6,'0'),'seller02', '달콤 새콤 골드키위', 1500, '1개', '국산', 22, 'FR'||LPAD(ITEM_SEQ.CURRVAL,6,'0')||'.jpeg', 9.8, '2021-05-10', 5, 'F','fr');
INSERT INTO  item  VALUES ('RI'||LPAD(ITEM_SEQ.NEXTVAL,6,'0'),'seller05', '고소한 녹두', 9000, '1kg', '국산', 15, 'RI'||LPAD(ITEM_SEQ.CURRVAL,6,'0')||'.jpeg', 9.5, '2021-05-10', 6, 'F','ri');
INSERT INTO  item  VALUES ('ME'||LPAD(ITEM_SEQ.NEXTVAL,6,'0'),'seller03', '달콤양념 돼지갈비', 18000, '1kg', '국산', 32, 'ME'||LPAD(ITEM_SEQ.CURRVAL,6,'0')||'.jpeg', 9.4, '2021-05-10', 9, 'F','me');
INSERT INTO  item  VALUES ('IC'||LPAD(ITEM_SEQ.NEXTVAL,6,'0'),'seller07', '떠먹는 딸기 아이스크림', 4000, '1개', '국산', 42, 'IC'||LPAD(ITEM_SEQ.CURRVAL,6,'0')||'.jpeg', 9.9, '2021-05-09', 7, 'F','ic');
INSERT INTO  item  VALUES ('SD'||LPAD(ITEM_SEQ.NEXTVAL,6,'0'),'seller04', '메추리알 장조림', 3500, '300g', '국산', 19, 'SD'||LPAD(ITEM_SEQ.CURRVAL,6,'0')||'.jpeg', 9.2, '2021-05-09', 10, 'F','sd');
INSERT INTO  item  VALUES ('FR'||LPAD(ITEM_SEQ.NEXTVAL,6,'0'),'seller02', '새콤 오렌지', 2500, '1개', '국산', 28, 'FR'||LPAD(ITEM_SEQ.CURRVAL,6,'0')||'.jpeg', 9.5, '2021-05-10', 8, 'F','fr');
INSERT INTO  item  VALUES ('SD'||LPAD(ITEM_SEQ.NEXTVAL,6,'0'),'seller04', '잡채', 4000, '400g', '국산', 24, 'SD'||LPAD(ITEM_SEQ.CURRVAL,6,'0')||'.jpeg', 9.4, '2021-05-10', 0, 'F','sd');
INSERT INTO  item  VALUES ('FR'||LPAD(ITEM_SEQ.NEXTVAL,6,'0'),'seller02', '아삭한 참외', 2000, '1개', '국산', 22, 'FR'||LPAD(ITEM_SEQ.CURRVAL,6,'0')||'.jpeg', 9.3, '2021-05-08', 0, 'F','fr');
INSERT INTO  item  VALUES ('RI'||LPAD(ITEM_SEQ.NEXTVAL,6,'0'),'seller05', '한말찹쌀', 6000, '500g', '국산', 33, 'RI'||LPAD(ITEM_SEQ.CURRVAL,6,'0')||'.jpeg', 9.2, '2021-05-09', 4, 'F','ri');
INSERT INTO  item  VALUES ('SD'||LPAD(ITEM_SEQ.NEXTVAL,6,'0'),'seller04', '파김치', 5000, '500g', '국산', 11, 'SD'||LPAD(ITEM_SEQ.CURRVAL,6,'0')||'.jpeg', 9.2, '2021-05-09', 5, 'F','sd');
INSERT INTO  item  VALUES ('ME'||LPAD(ITEM_SEQ.NEXTVAL,6,'0'),'seller04', '맛있는 항정살', 12000, '600g', '호주', 25, 'ME'||LPAD(ITEM_SEQ.CURRVAL,6,'0')||'.jpeg', 9.2, '2021-05-07', 5, 'F','me');
INSERT INTO  item  VALUES ('VG'||LPAD(ITEM_SEQ.NEXTVAL,6,'0'),'seller01', '양파', 4000, '1개', '국산', 8, 'VG'||LPAD(ITEM_SEQ.CURRVAL,6,'0')||'.jpeg', 8.6, '2021-05-10', 2, 'F','ve');
INSERT INTO  item  VALUES ('VG'||LPAD(ITEM_SEQ.NEXTVAL,6,'0'),'seller01', '오이',1800, '1개', '국산', 17, 'VG'||LPAD(ITEM_SEQ.CURRVAL,6,'0')||'.jpeg', 9.8, '2021-05-10',3, 'F','ve');
INSERT INTO  item  VALUES ('VG'||LPAD(ITEM_SEQ.NEXTVAL,6,'0'),'seller01', '아삭아삭 당근', 1500, '1개', '국산', 20, 'VG'||LPAD(ITEM_SEQ.CURRVAL,6,'0')||'.jpeg', 9.3, '2021-05-10', 3, 'F','ve');
--------------------------------------------------------------------------------
--배송코드 초기화데이터
INSERT INTO SHIPPING VALUES('O-GET','주문접수');
INSERT INTO SHIPPING VALUES('I-GET','상품인수');
INSERT INTO SHIPPING VALUES('I-MOVE','상품이동중');
INSERT INTO SHIPPING VALUES('S-ARR','배달지도착');
INSERT INTO SHIPPING VALUES('S-GO','배달출발');
INSERT INTO SHIPPING VALUES('DONE','배달완료');

--주문 초기화데이터--
--INSERT INTO ORDERS VALUES ('F210305000001', '방문수령', '홍길동', null, null, '010-1111-1111', null, 7440, 'F', 'F', null, 'user01');
--INSERT INTO ORDERS VALUES ('T210501000004', '배송', '늦가을', '57689', '인천시 부평구', '010-1234-4444', '경비실에 맡겨주세요', 4000, 'F', 'F', 'O-GET', 'user01');
--INSERT INTO ORDERS VALUES ('T210501000003', '배송', '늦여름', '12365', '인천시 부평구', '010-1234-3333', '문 앞에 두고 가세요', 8000, 'F', 'F', 'O-GET', 'user03');
--INSERT INTO ORDERS VALUES ('T210501000005', '배송', '초여름', '14151', '인천시 부평구', '010-1234-5555', '오후 4시에 챙겨갈게요', 6000, 'F', 'F', 'O-GET', 'user03');
--
--INSERT INTO ORDERS VALUES ('T210501000001', '배송', '한겨울', '12345', '서울시 동대문구', '010-1515-1515', '문 앞', 32000, 'F', 'F', 'O-GET', 'user02');
--INSERT INTO ORDERS VALUES ('T210501000002', '배송', '초가을', '13451', '서울시 동대문구', '010-1234-2222', '제일 신선한 것으로 챙겨주세요', 10000, 'F', 'F', 'O-GET', 'user02');

--주문상세 초기화데이터--
--INSERT INTO ORDER_DETAIL VALUES('SD000001', 'F210305000001', 2, 3720);
--
--INSERT INTO ORDER_DETAIL VALUES('FR000002', 'T210501000001', 1, 3000);
--INSERT INTO ORDER_DETAIL VALUES('BF000003', 'T210501000001', 1, 29000);
--INSERT INTO ORDER_DETAIL VALUES('FR000007', 'T210501000002', 2, 4000);
--INSERT INTO ORDER_DETAIL VALUES('BF000008', 'T210501000002', 1, 30000);
--
--INSERT INTO ORDER_DETAIL VALUES('VG000004', 'T210501000003', 1, 5000);
--INSERT INTO ORDER_DETAIL VALUES('SD000006', 'T210501000003', 1, 3000);
--INSERT INTO ORDER_DETAIL VALUES('VG000004', 'T210501000004', 1, 4000);
--INSERT INTO ORDER_DETAIL VALUES('RC000005', 'T210501000005', 1, 6000);

--------------------------------------------------------------------------------
--잇거래 초기화데이터--
--INSERT INTO TAKEIT VALUES('TAKE210501000001', 1000000, 50000, '2021/05/01 18:45:10', 0.0, 'T', '29', 'AA');
--INSERT INTO TAKEIT VALUES('TAKE210506000001', 1000000, 50000, '2021/05/06 00:45:10', 0.0, 'T', '30', 'BB');
BEGIN
FOR i IN 0..99 LOOP 
INSERT INTO TAKEIT VALUES ('TAKE' || '210506' || LPAD(TAKEIT_SEQ.NEXTVAL, 6, '0'), 1000000 ,0 ,'2021/05/06 18:45:10', 0.0, 'T', i,'AA');
END LOOP;
END;

BEGIN
FOR i IN 0..99 LOOP 
INSERT INTO TAKEIT VALUES ('TAKE' || '210509' || LPAD(TAKEIT_SEQ.NEXTVAL, 6, '0'), 1000000 ,0 ,'2021/05/09 00:45:10', 0.0, 'T', i,'BB');
END LOOP;
END;

--잇거래상세 초기화데이터
--INSERT INTO TAKEIT_DETAIL VALUES('TAKE210506000101', 'T210501000001');
--INSERT INTO TAKEIT_DETAIL VALUES('TAKE210506000101', 'T210501000002');
--
--INSERT INTO TAKEIT_DETAIL VALUES('TAKE210501000001', 'T210501000003');
--INSERT INTO TAKEIT_DETAIL VALUES('TAKE210501000001', 'T210501000004');
--INSERT INTO TAKEIT_DETAIL VALUES('TAKE210501000001', 'T210501000005');
--------------------------------------------------------------------------------
--게시판 카테고리
INSERT INTO BOARD_CATEGORY VALUES ('1','공지사항');
INSERT INTO BOARD_CATEGORY VALUES ('2','자주하는질문');
INSERT INTO BOARD_CATEGORY VALUES ('3','상품문의');

--게시판
INSERT INTO BOARD VALUES(BOARD_SEQ.NEXTVAL, 'admin', '서버 업데이트 관련 공지', '2021년 05월 02일 새벽2시경 업데이트 예정입니다. 서비스 이용에 참고하십시오.-끝-', 10, null, '2021-04-30', '1', null);
INSERT INTO BOARD VALUES(BOARD_SEQ.NEXTVAL, 'admin', '비밀번호를 재설정하고 싶어요', '마이페이지 >> 내정보조회 >> 비밀번호 변경 과정을 완료하십시오.-끝-', null, null, '2020-05-30', '2', null);
INSERT INTO BOARD VALUES(BOARD_SEQ.NEXTVAL, 'user01', '태경이네 과일가게 낑깡 문의 드려요', '100g단위로 사고싶은데 가능하나요?', 2, null, '2021-05-01', '3', 'FR000002');
INSERT INTO BOARD VALUES(BOARD_SEQ.NEXTVAL, 'seller02', '[답변]태경이네 과일가게 귤 문의 드려요', '네, 가능합니다. 자세한 사항은 가게로 연락주세요. 상호명:태경이네 과일가게, 연락처: 010-1111-1234', 5, null, '2021-05-02', '3', 'FR000002');
--SELECT * FROM ITEM;
--후기
INSERT INTO REVIEW VALUES(REVIEW_SEQ.NEXTVAL, 'user01', 'SD000004', '2021-05-03', '소희네 장아찌 맛있어요', '입맛 없을 때 생각나는 반찬이에요.', 338, 10.0, 'SD000004.jpg');
INSERT INTO REVIEW VALUES(REVIEW_SEQ.NEXTVAL, 'user01', 'VG000001', '2021-05-03', '선경이네 야채가게는 믿고 사도 됩니다', '워낙 민감한데 선경이네 상품은 묻지도 따지지도 않고 사도 돼서 애용하고 있어요.', 127, 10.0, 'VG000001.jpg');
INSERT INTO REVIEW VALUES(REVIEW_SEQ.NEXTVAL, 'user02', 'FR000002', '2021-05-03', '태경이네 낑깡 추천해요!', '알도 실하고 상큼해서 질리지 않더라구요 다음에는 1키로 살래요 ㅎㅎ', 110, 10.0, 'FR000002.jpg');
INSERT INTO REVIEW VALUES(REVIEW_SEQ.NEXTVAL, 'user02', 'FR000002', '2021-05-03', '자꾸 생각나는 태경이네 낑깡!', '시킨 거 다 먹자마자 또 시켰어요 굿굿입니다', 523, 10.0, 'FR000002.jpg');
INSERT INTO REVIEW VALUES(REVIEW_SEQ.NEXTVAL, 'user03', 'BF000003', '2021-05-03', '우진이네 정육점 마블링 예술이네요', '가족식사 때 먹으려고 주문했는데 200%만족이요', 240, 10.0, 'BF000003.jpg');
INSERT INTO REVIEW VALUES(REVIEW_SEQ.NEXTVAL, 'user03', 'RC000005', '2021-05-03', '효원이네 찹쌀 좋아요', '갓 지은 밥이 정말 고소해요. 퀄리티 신경쓰신듯요. 근데 배송이 좀 늦어서 1점 뺄게요', 107, 9.0, 'RC000005.jpg');
--------------------------------------------------------------------------------
-- 장바구니
INSERT INTO CART VALUES('user02','MI000007',3);
INSERT INTO CART VALUES('user02','BF000003',2);
INSERT INTO CART VALUES('user01','FR000002',3);
INSERT INTO CART VALUES('user01','SD000004',3);

--------------------------------------------------------------------------------
commit;

BEGIN 
    FOR I IN 1..100
    LOOP
    INSERT INTO BOARD VALUES(BOARD_SEQ.NEXTVAL, 'admin', CONCAT('공지',I), CONCAT('내용',I), I, null, '2021-04-30', '1', null);
    END LOOP;
END;
SELECT * FROM BOARD WHERE BOARD_CATEGORY_NO='1';
COMMIT;